trial_id,selection,technique,no_of_grids,target_no,target_location,time_taken_ms,distance_traveled_px,no_of_attempts,no_of_visited_cells,tot_dist_travelled_left_palm,tot_dist_travelled_right_palm
1,dwell,S2H_ABS,5,0,"(2,3)",2526.313890,262.103393,1,5,106.484028,156.282599
2,dwell,S2H_ABS,5,1,"(1,4)",2194.658624,332.134485,1,5,52.138445,209.445026
3,dwell,S2H_ABS,5,2,"(4,2)",2261.935739,140.060770,1,4,239.502384,80.047023
4,dwell,S2H_ABS,3,0,"(1,1)",1969.468268,336.004722,1,2,146.470872,198.313547
5,dwell,S2H_ABS,3,1,"(1,0)",2854.935740,459.981983,4,6,137.904586,276.855545
6,dwell,S2H_ABS,3,2,"(2,1)",1799.420471,202.793912,1,3,177.736025,120.614151
7,dwell,S2H_ABS,3,3,"(0,1)",3176.131047,592.289303,1,5,197.848638,352.607694
8,dwell,S2H_ABS,3,4,"(2,2)",1937.407458,249.364496,1,5,219.413962,122.854775
9,dwell,S2H_ABS,3,5,"(0,2)",2913.497559,544.194409,2,7,214.823523,318.117762
10,dwell,S2H_ABS,3,6,"(2,0)",2265.678519,262.463906,1,4,285.932264,182.527928
11,dwell,S2H_ABS,3,7,"(0,0)",2973.459866,414.178111,2,7,189.293713,296.205480
12,dwell,S2H_ABS,3,8,"(1,2)",1802.108446,277.010853,1,4,137.097748,191.533839
13,dwell,S2H_ABS,5,0,"(0,4)",3294.438534,576.052990,3,6,142.696256,329.972011
14,dwell,S2H_ABS,5,1,"(1,1)",1842.917142,367.280579,2,9,124.665138,242.885471
15,dwell,S2H_ABS,5,2,"(4,3)",5639.990904,747.275143,3,12,319.747482,489.460409
16,dwell,S2H_ABS,5,3,"(4,1)",1648.964557,191.981457,1,3,100.162750,127.150233
17,dwell,S2H_ABS,5,4,"(3,4)",6539.879280,1251.611937,1,12,303.415318,1390.307238
18,dwell,S2H_ABS,5,5,"(2,3)",2148.814016,314.925415,2,6,72.592675,179.950428
19,dwell,S2H_ABS,5,6,"(2,4)",1550.640802,318.582047,1,5,42.996749,169.718255
20,dwell,S2H_ABS,5,7,"(1,0)",2695.545184,399.177128,2,9,169.078321,309.273119
21,dwell,S2H_ABS,5,8,"(0,1)",13732.085729,1451.762188,4,35,488.904931,961.013552
22,dwell,S2H_ABS,5,9,"(3,1)",1998.071301,258.604709,1,8,147.037360,192.901574
23,dwell,S2H_ABS,5,10,"(0,3)",2644.071370,428.877066,1,8,163.869784,326.767024
24,dwell,S2H_ABS,5,11,"(2,1)",1700.612912,278.321339,3,9,60.866216,204.616172
25,dwell,S2H_ABS,5,12,"(1,3)",1647.048951,377.158889,2,6,52.373825,255.085108
26,dwell,S2H_ABS,5,13,"(4,2)",1598.375854,152.805979,2,3,195.722259,108.113618
27,dwell,S2H_ABS,5,14,"(3,0)",1842.670296,267.425036,2,4,96.004829,202.499259
28,dwell,S2H_ABS,5,15,"(0,2)",8833.894324,1140.915109,1,18,500.876953,677.345873
29,dwell,S2H_ABS,5,16,"(0,0)",8091.296762,899.176065,2,14,326.497550,767.185848
30,dwell,S2H_ABS,5,17,"(4,4)",5843.075803,489.565305,1,8,308.264452,272.431134
31,dwell,S2H_ABS,5,18,"(3,2)",2201.055153,276.215890,1,4,139.139462,173.446151
32,dwell,S2H_ABS,5,19,"(4,0)",2745.168950,229.977474,1,5,153.104174,140.253895
33,dwell,S2H_ABS,3,0,"(1,0)",96.064830,10.049876,0,3,0.000000,1.000000
34,dwell,S2H_ABS,3,1,"(0,2)",2044.065415,403.655070,1,2,55.664450,243.231477
35,dwell,S2H_ABS,3,2,"(2,0)",1847.268915,178.940935,2,5,212.674333,122.608583
36,dwell,S2H_ABS,3,3,"(0,0)",2195.451477,404.897648,1,7,167.717454,282.968365
37,dwell,S2H_ABS,3,4,"(2,2)",2645.824554,307.136204,1,6,235.186771,204.572830
38,dwell,S2H_ABS,3,5,"(2,1)",1248.320085,153.479864,2,3,31.128990,86.421599
39,dwell,S2H_ABS,3,6,"(1,2)",1550.656581,279.709802,1,4,73.992950,153.890261
40,dwell,S2H_ABS,3,7,"(1,1)",1748.690379,233.236490,2,4,48.769977,134.222402
41,dwell,S2H_ABS,3,8,"(0,1)",2994.239577,393.061836,3,4,118.959784,255.042834
42,dwell,S2H_ABS,3,0,"(2,1)",2247.272648,192.104098,2,7,184.968410,121.167408
43,dwell,S2H_ABS,3,1,"(1,1)",1495.789221,202.259905,1,3,66.925556,136.812871
44,dwell,S2H_ABS,3,2,"(2,0)",1668.982756,197.798566,1,3,111.991553,138.914965
45,dwell,S2H_ABS,3,3,"(0,1)",2331.628432,370.214658,2,5,179.325637,288.662510
46,dwell,S2H_ABS,3,4,"(0,0)",2202.964423,404.393857,1,5,93.584232,311.631129
47,dwell,S2H_ABS,3,5,"(0,2)",1999.205367,378.115275,1,9,82.907632,286.412123
48,dwell,S2H_ABS,3,6,"(1,0)",1872.086462,313.705792,2,4,152.658434,246.196489
49,dwell,S2H_ABS,3,7,"(1,2)",1628.951133,317.787983,1,4,95.128320,204.348875
50,dwell,S2H_ABS,3,8,"(2,2)",1541.360718,190.606025,1,3,165.611122,118.863394
51,dwell,S2H_ABS,3,9,"(2,1)",83.703637,8.246211,1,2,1.000000,1.414214
52,dwell,S2H_ABS,3,0,"(0,2)",3696.789434,403.038067,1,4,92.212664,255.136325
53,dwell,S2H_ABS,3,1,"(0,0)",3378.753146,297.083899,1,11,1200.226574,454.789167
54,dwell,S2H_ABS,3,2,"(0,0)",4596.359032,495.825732,1,11,179.929187,487.781387
55,dwell,S2H_ABS,3,3,"(0,0)",1748.891305,403.099719,2,5,53.617154,333.548805
56,dwell,S2H_ABS,3,4,"(0,0)",1698.939189,399.883022,1,6,32.727922,317.679941
57,dwell,S2H_ABS,3,5,"(0,0)",1820.601417,449.491543,1,6,34.656854,351.744568
58,dwell,S2H_ABS,3,6,"(0,0)",1624.613741,372.574013,1,7,56.226933,309.608127
59,dwell,S2H_ABS,3,7,"(0,0)",9910147.567328,0.000000,1,1,0.000000,0.000000
60,dwell,S2H_ABS,3,8,"(0,0)",1632.438943,375.337789,1,5,23.656854,311.255431
61,dwell,S2H_ABS,3,9,"(0,0)",1459.796775,379.433572,1,6,26.313708,303.107943
62,dwell,S2H_ABS,3,10,"(0,0)",5900.977232,74.037846,2,8,77.277699,414.372802
63,dwell,S2H_ABS,3,11,"(0,0)",9923763.982810,0.000000,1,1,0.000000,0.000000
64,dwell,S2H_ABS,3,12,"(0,0)",1900.845188,379.235972,1,5,31.485281,304.613963
65,dwell,S2H_ABS,3,13,"(0,0)",1954.320044,421.096154,1,9,32.485281,313.856058
66,dwell,S2H_ABS,3,14,"(0,0)",1811.847858,337.915187,2,6,37.843767,266.499249
67,dwell,S2H_ABS,3,15,"(0,0)",9934483.327994,0.000000,1,1,0.000000,0.000000
68,dwell,S2H_ABS,3,16,"(0,0)",3215.864414,79.323168,2,7,51.620844,941.163637
69,dwell,S2H_ABS,3,17,"(0,0)",9939619.361664,0.000000,1,1,0.000000,0.000000
70,dwell,S2H_ABS,3,18,"(0,0)",13817.259049,782.156753,4,7,494.216759,554.064106
71,dwell,S2H_ABS,3,19,"(0,0)",9955219.844011,0.000000,1,2,0.000000,0.000000
72,dwell,S2H_ABS,3,0,"(1,1)",1413.800965,282.633100,1,7,93.921556,177.420513
73,dwell,S2H_ABS,3,1,"(0,0)",1752.051487,390.616235,1,5,106.456800,295.682238
74,dwell,S2H_ABS,3,2,"(0,0)",10124842.524994,0.000000,1,1,0.000000,0.000000
75,dwell,S2H_ABS,3,3,"(0,0)",1661.733811,394.537709,1,6,44.754109,291.862920
76,dwell,S2H_ABS,3,4,"(0,0)",3041.851559,561.232952,4,10,53.035058,360.311654
77,dwell,S2H_ABS,3,5,"(0,0)",10133008.014192,0.000000,1,1,0.000000,0.000000
78,dwell,S2H_ABS,3,6,"(0,0)",2148.949300,374.862332,1,7,33.892922,257.637785
79,dwell,S2H_ABS,3,0,"(1,2)",1456.166070,287.213835,1,4,110.422334,144.314077
80,dwell,S2H_ABS,3,1,"(0,0)",1982.951321,414.379793,2,3,105.708976,271.547632
81,dwell,S2H_ABS,3,2,"(0,0)",10227916.603527,0.000000,1,2,0.000000,0.000000
82,dwell,S2H_ABS,3,3,"(0,0)",1720.323804,335.323483,1,6,30.485281,238.798941
83,dwell,S2H_ABS,3,4,"(0,0)",1600.977257,342.321265,2,8,24.656854,240.185070
84,dwell,S2H_ABS,3,5,"(0,0)",10234327.364494,0.000000,1,2,0.000000,0.000000
85,dwell,S2H_ABS,3,6,"(0,0)",1489.561331,371.106520,1,5,31.436126,285.298153
86,dwell,S2H_ABS,3,7,"(0,0)",10237390.988429,0.000000,1,1,0.000000,0.000000
87,dwell,S2H_ABS,3,0,"(1,1)",1586.958426,287.878639,1,2,57.088781,185.152830
88,dwell,S2H_ABS,3,1,"(0,0)",2543.932771,459.322156,3,5,87.531009,307.856936
89,dwell,S2H_ABS,3,2,"(0,0)",2053.249822,409.413902,1,7,55.322476,265.985489
90,dwell,S2H_ABS,3,0,"(1,0)",1548.644424,268.389525,1,3,92.955454,201.901710
91,dwell,S2H_ABS,3,1,"(2,0)",1600.088617,194.911026,1,2,186.016594,113.440304
92,dwell,S2H_ABS,3,2,"(0,2)",1747.553942,412.963527,2,6,129.605426,272.158483
93,dwell,S2H_ABS,3,3,"(1,1)",1402.906977,247.539081,1,4,90.197841,165.378753
94,dwell,S2H_ABS,3,4,"(1,2)",1548.679699,298.263413,1,3,77.042413,190.711490
95,dwell,S2H_ABS,3,5,"(0,0)",2250.248154,438.052453,3,4,118.915436,310.845309
96,dwell,S2H_ABS,3,6,"(2,2)",2744.961533,333.085342,2,6,277.961686,168.917148
97,dwell,S2H_ABS,3,7,"(2,1)",1349.704528,162.652890,1,2,61.414891,97.487612
98,dwell,S2H_ABS,3,8,"(0,1)",1947.126390,396.996105,1,4,201.738960,286.844782
99,dwell,S2H_ABS,3,9,"(1,0)",1745.826178,342.942945,2,5,111.480209,219.982073
100,dwell,S2H_ABS,3,10,"(2,0)",1799.735154,182.198948,1,5,173.265977,119.949825
101,dwell,S2H_ABS,3,11,"(0,2)",2895.276497,586.366941,2,10,222.777247,344.392164
102,dwell,S2H_ABS,3,12,"(1,1)",1550.209205,231.031839,1,5,75.612460,151.088686
103,dwell,S2H_ABS,3,13,"(1,2)",1599.543167,325.889048,1,4,22.064495,172.178315
104,dwell,S2H_ABS,3,14,"(0,0)",2248.790741,395.638080,3,6,109.995226,273.552842
105,dwell,S2H_ABS,3,15,"(2,2)",1948.204917,282.181176,1,4,272.867430,202.319117
106,dwell,S2H_ABS,3,16,"(2,1)",1297.245772,186.893298,1,2,66.405679,109.208982
107,dwell,S2H_ABS,3,17,"(0,1)",2249.476494,410.069712,3,5,199.276539,313.726666
108,dwell,S2H_ABS,3,18,"(1,0)",2098.492473,364.967179,1,7,138.835249,262.822910
109,dwell,S2H_ABS,3,19,"(2,0)",1947.268003,239.129124,2,5,209.647692,161.913048
110,dwell,S2H_ABS,3,0,"(2,0)",1549.233844,148.486809,1,5,194.083312,87.110331
111,dwell,S2H_ABS,3,1,"(0,2)",2044.245683,368.178592,1,7,120.695570,246.992119
112,dwell,S2H_ABS,3,2,"(1,1)",1548.397451,261.711540,2,5,47.832158,177.776046
113,dwell,S2H_ABS,3,3,"(0,1)",2255.314228,345.305979,2,4,56.362336,261.980118
114,dwell,S2H_ABS,3,4,"(1,0)",2053.115607,278.288839,1,7,110.809871,234.161801
115,dwell,S2H_ABS,3,5,"(2,1)",1894.124511,213.915672,2,5,185.889696,131.137214
116,dwell,S2H_ABS,3,6,"(0,0)",1949.250688,381.509591,2,5,196.775894,287.970987
117,dwell,S2H_ABS,3,7,"(2,2)",1795.152327,222.408553,1,3,210.079247,162.054427
118,dwell,S2H_ABS,3,8,"(1,2)",3245.347396,84.399440,1,3,180.997861,299.336156
119,dwell,S2H_ABS,3,9,"(2,0)",1750.599924,177.678020,3,4,165.711742,116.799577
120,dwell,S2H_ABS,3,10,"(0,2)",2149.695716,418.847080,2,7,119.936051,247.506453
121,dwell,S2H_ABS,3,11,"(1,1)",2446.337293,394.205336,1,3,62.370129,218.362307
122,dwell,S2H_ABS,3,12,"(0,1)",2250.942241,338.852631,3,4,56.104515,242.995109
123,dwell,S2H_ABS,3,13,"(1,0)",1848.490661,322.047483,2,5,84.349496,238.185380
124,dwell,S2H_ABS,3,14,"(2,1)",1800.009493,153.399483,2,5,167.362247,106.260020
125,dwell,S2H_ABS,3,15,"(0,0)",2296.321645,377.757396,1,5,178.306242,264.923179
126,dwell,S2H_ABS,3,16,"(2,2)",1794.217333,198.855100,2,7,197.267620,141.307901
127,dwell,S2H_ABS,3,17,"(1,2)",1699.935439,234.780503,3,2,61.757675,137.944807
128,dwell,S2H_ABS,3,18,"(2,0)",1996.031800,195.759468,1,4,182.240192,129.274387
129,dwell,S2H_ABS,3,19,"(0,2)",2092.112184,422.096306,1,6,180.683245,258.659116
130,dwell,S2H_ABS,3,0,"(0,2)",2400.200852,43.126152,1,4,81.753883,285.487598
131,dwell,S2H_ABS,3,1,"(0,0)",4044.926835,769.968106,4,13,134.529476,448.979621
132,dwell,S2H_ABS,3,2,"(0,1)",2601.078826,497.225594,3,7,79.606840,338.664321
133,dwell,S2H_ABS,3,3,"(1,0)",1447.183520,292.975788,2,5,139.836936,231.947797
134,dwell,S2H_ABS,3,4,"(1,1)",1652.855777,320.442958,1,4,92.545711,232.554920
135,dwell,S2H_ABS,3,5,"(2,2)",1649.048561,238.734761,1,3,183.461324,128.276495
136,dwell,S2H_ABS,3,6,"(2,0)",1349.459045,215.506140,1,3,114.622991,159.978070
137,dwell,S2H_ABS,3,7,"(1,2)",1652.634318,346.640526,2,4,113.954178,186.240786
138,dwell,S2H_ABS,3,8,"(2,1)",98.488842,11.401754,0,2,0.000000,2.000000
139,dwell,S2H_ABS,5,0,"(0,3)",1898.438738,471.368771,1,7,88.804594,304.365376
140,dwell,S2H_ABS,3,0,"(1,1)",1574.695122,252.730232,1,3,114.601051,120.338351
141,dwell,S2H_ABS,3,1,"(0,0)",1850.413483,404.967865,2,4,84.139865,244.335468
142,dwell,S2H_ABS,3,2,"(0,1)",2320.062076,32.650441,2,5,64.960460,210.236506
143,dwell,S2H_ABS,3,3,"(1,0)",1546.121979,380.598755,2,5,77.215759,206.598283
144,dwell,S2H_ABS,3,4,"(0,2)",2585.005630,164.898485,1,4,107.091519,208.948135
145,dwell,S2H_ABS,3,5,"(2,2)",2346.551413,123.861968,1,4,204.577999,285.209305
146,dwell,S2H_ABS,3,6,"(2,0)",2078.896606,68.602731,1,3,120.029469,119.693730
147,dwell,S2H_ABS,3,7,"(2,1)",1923.497647,174.652725,1,2,120.120274,85.703942
148,dwell,S2H_ABS,3,8,"(1,2)",1658.812082,327.204480,1,5,95.016248,141.111398
149,dwell,S2H_ABS,3,9,"(1,1)",2558.729837,44.429356,2,4,59.718296,248.331357
150,dwell,S2H_ABS,3,10,"(0,0)",2203.909161,196.219160,1,5,100.858298,273.598544
151,dwell,S2H_ABS,3,11,"(0,1)",2620.972266,77.364734,2,5,100.306445,305.801700
152,dwell,S2H_ABS,3,12,"(1,0)",2704.471789,70.405477,1,5,137.855942,235.973420
153,dwell,S2H_ABS,3,13,"(0,2)",2274.952127,456.513114,1,6,72.388880,232.207285
154,dwell,S2H_ABS,3,14,"(2,2)",1897.030909,288.373401,2,9,177.364158,175.912641
155,dwell,S2H_ABS,3,15,"(2,0)",1926.949785,244.489364,1,3,136.484016,170.262644
156,dwell,S2H_ABS,3,16,"(2,1)",1604.727496,137.999258,1,2,84.286476,83.355808
157,dwell,S2H_ABS,3,17,"(1,2)",2317.587562,389.405617,2,7,145.383950,168.178471
158,dwell,S2H_ABS,3,18,"(1,1)",2500.203493,27.568018,2,5,157.675578,174.889283
159,dwell,S2H_ABS,3,19,"(0,0)",2278.249723,436.141664,1,6,171.201904,293.060843
160,dwell,S2H_ABS,5,0,"(3,1)",2102.310189,300.697733,8,9,139.027026,201.179094
161,dwell,S2H_ABS,5,0,"(0,4)",4244.612873,1118.519666,2,17,159.971064,350.911669
162,dwell,S2H_ABS,5,0,"(2,1)",1895.041142,138.199028,4,9,145.858336,83.383151
163,dwell,S2H_ABS,5,0,"(1,1)",1994.847545,185.089235,3,9,106.313138,133.081865
164,dwell,S2H_ABS,5,1,"(3,1)",4901.931083,80.298494,1,9,402.233336,769.618231
165,dwell,H2S,5,0,"(0,0)",12680.313252,1282.286613,2,35,311.309726,552.950152
166,dwell,H2S,5,1,"(0,2)",2596.595611,161.244584,4,21,64.335621,103.933588
167,dwell,H2S,5,2,"(4,1)",2245.907787,271.731129,2,12,46.028485,93.737147
168,dwell,H2S,5,3,"(1,1)",3992.911174,414.977283,1,12,83.917717,180.760322
169,dwell,H2S,5,4,"(3,2)",1850.043836,123.723371,1,11,61.549799,42.769977
170,dwell,H2S,5,5,"(3,3)",2044.211058,82.857145,1,7,36.200058,49.006045
171,dwell,H2S,5,6,"(2,3)",2146.408638,122.604893,1,13,31.549776,64.571896
172,dwell,H2S,5,7,"(1,4)",2243.660721,140.145488,1,15,26.721349,88.483609
173,dwell,H2S,5,8,"(4,4)",1600.178165,96.172005,1,15,30.705481,75.009611
174,dwell,H2S,5,9,"(2,2)",1949.257062,141.144766,7,44,39.843767,80.055302
175,dwell,H2S,5,10,"(3,4)",2098.638987,142.737524,1,12,27.128990,87.969272
176,dwell,H2S,5,11,"(3,0)",7589.787769,615.043852,2,23,188.621009,383.279720
177,dwell,H2S,5,12,"(1,2)",5394.844945,199.845986,14,96,61.607699,130.078132
178,dwell,H2S,5,13,"(2,4)",2792.272762,233.588267,0,13,41.785844,101.463514
179,dwell,S2H_ABS,5,0,"(1,2)",1896.114449,226.166216,2,4,29.313708,131.425513
180,dwell,H2S,5,0,"(2,3)",2843.330584,260.132458,1,8,134.277208,215.020620
181,dwell,H2S,5,1,"(2,1)",1843.818656,207.240623,2,10,32.650282,97.950356
182,dwell,H2S,5,2,"(3,1)",2348.177505,137.111536,2,10,40.135563,106.813470
183,dwell,H2S,5,3,"(0,2)",1993.615244,222.288153,1,8,53.482077,144.236526
184,dwell,H2S,5,4,"(3,0)",2344.231306,166.979020,1,14,42.957417,99.513998
185,dwell,H2S,5,5,"(1,4)",5096.229275,312.109343,1,10,83.854190,201.769523
186,dwell,H2S,5,6,"(2,2)",2497.179783,170.164989,2,6,47.607699,113.897692
187,dwell,H2S,5,7,"(4,4)",1895.905671,129.529031,3,8,29.549776,92.672171
188,dwell,H2S,5,8,"(2,4)",2944.209846,228.664744,1,4,49.667324,155.447431
189,dwell,H2S,5,9,"(4,3)",100.158437,12.041595,0,2,1.000000,3.000000
190,dwell,H2S,3,0,"(2,2)",1919.009539,215.453510,1,1,28.607699,121.965321
191,dwell,H2S,3,1,"(2,1)",2042.042385,104.609577,4,3,22.656854,75.139096
192,dwell,H2S,3,2,"(1,2)",1923.222037,164.779515,1,5,28.837194,78.904910
193,dwell,H2S,3,3,"(0,2)",5651.393584,502.230549,2,13,109.076584,239.978177
194,dwell,H2S,3,4,"(0,1)",8388.090056,840.094155,1,15,358.270604,699.958219
195,dwell,H2S,3,5,"(1,0)",3591.347625,356.358098,1,4,82.834472,172.353772
196,dwell,H2S,3,6,"(0,0)",1993.133057,204.697848,1,9,45.420258,103.288124
197,dwell,H2S,3,7,"(1,1)",1450.268305,200.879011,2,9,45.099600,60.128132
198,dwell,H2S,3,8,"(2,0)",1403.004727,145.198352,1,3,30.843767,61.625894
199,dwell,H2S,3,9,"(2,2)",2046.819086,217.733007,2,3,41.092980,110.535013
200,dwell,H2S,3,10,"(2,1)",1348.513442,143.629954,1,3,27.608387,85.981464
201,dwell,H2S,3,11,"(1,2)",1695.904316,206.211337,1,4,30.193485,111.568321
202,dwell,H2S,3,12,"(0,2)",2544.697387,339.214055,1,6,51.135035,166.464738
203,dwell,H2S,3,13,"(0,1)",3394.715788,372.945394,2,16,141.786860,207.235304
204,dwell,H2S,3,14,"(1,0)",1547.942118,176.534549,1,8,35.776549,126.972231
205,dwell,H2S,3,15,"(0,0)",3947.956483,566.424654,1,4,129.904198,279.536734
206,dwell,H2S,3,16,"(1,1)",1899.162019,217.803208,1,9,34.607699,95.442027
207,dwell,H2S,3,17,"(2,0)",100.211408,10.630146,1,5,0.000000,4.123106
208,dwell,H2S,3,18,"(2,2)",1796.027787,180.393836,1,1,27.721349,108.789198
209,dwell,H2S,3,19,"(2,1)",3343.989542,308.754001,3,3,51.371631,240.393235
210,dwell,S2H_ABS,5,0,"(1,4)",2062.172089,372.436185,6,6,114.873316,163.462736
211,dwell,S2H_ABS,5,1,"(3,1)",2166.426887,255.139702,2,5,193.575861,137.829142
212,dwell,S2H_ABS,5,2,"(4,3)",1749.002323,196.254820,1,5,117.053263,134.549019
213,dwell,S2H_ABS,5,3,"(3,0)",2359.700807,250.342777,1,5,128.356628,187.271778
214,dwell,S2H_ABS,5,4,"(2,0)",2329.141543,356.769536,3,7,112.843607,235.369218
215,dwell,S2H_ABS,5,5,"(2,3)",1756.624332,324.981066,2,6,82.804131,147.461201
216,dwell,S2H_ABS,5,6,"(4,4)",6932.180236,1632.474286,2,15,278.133224,405.065746
217,dwell,S2H_ABS,5,7,"(2,4)",2114.451471,356.053202,1,3,171.324953,194.068677
218,dwell,S2H_ABS,5,8,"(0,4)",2799.223480,399.831459,2,5,61.030037,251.399304
219,dwell,S2H_ABS,5,9,"(0,2)",5296.720540,871.903260,2,15,198.317388,524.021900
220,dwell,S2H_ABS,5,10,"(1,3)",2355.015162,473.666900,2,9,24.656854,223.339564
221,dwell,S2H_ABS,5,11,"(0,0)",3652.431525,506.606492,1,7,119.196444,339.146821
222,dwell,S2H_ABS,5,12,"(1,2)",4695.554856,745.503736,4,11,91.066183,388.772880
223,dwell,S2H_ABS,5,13,"(2,1)",1706.927451,282.540375,1,2,116.212125,190.607317
224,dwell,S2H_ABS,5,14,"(3,3)",1920.213565,251.964107,2,3,167.542512,126.160502
225,dwell,S2H_ABS,5,15,"(1,0)",3606.404205,630.226970,4,13,201.360127,358.196646
226,dwell,S2H_ABS,5,16,"(1,1)",5055.129528,1154.523916,3,7,128.548704,327.529975
227,dwell,S2H_ABS,5,17,"(4,1)",2032.986493,200.300333,2,2,232.000668,113.677125
228,dwell,S2H_ABS,5,18,"(0,3)",2971.343823,452.888170,1,6,234.001648,291.877032
229,dwell,S2H_ABS,5,19,"(3,2)",1906.392066,227.811410,2,4,186.572157,134.604203
230,dwell,H2S,5,0,"(1,0)",9425.710521,720.122512,2,21,174.230855,445.492778
231,dwell,H2S,5,1,"(3,2)",1805.412635,111.173901,1,7,20.300563,83.774994
232,dwell,H2S,5,2,"(2,0)",7975.043678,509.255870,1,13,123.170093,265.419458
233,dwell,H2S,3,0,"(1,2)",3437.072497,251.948391,2,7,73.983227,207.675916
234,dwell,H2S,3,1,"(2,0)",1806.231727,114.861603,1,6,28.119695,70.930285
235,dwell,H2S,3,2,"(2,2)",2739.924727,182.434784,3,9,44.485281,123.044226
236,dwell,H2S,3,3,"(1,1)",1688.440207,170.023689,1,3,39.100288,79.154972
237,dwell,H2S,3,4,"(0,1)",1571.749661,126.536964,2,7,27.527336,96.830364
238,dwell,H2S,3,5,"(2,1)",3843.815712,269.318026,4,14,55.678767,152.338217
239,dwell,H2S,3,6,"(0,0)",1570.454907,145.020551,1,6,39.460118,94.234506
240,dwell,H2S,3,7,"(1,0)",3030.101486,306.407326,1,9,76.138605,168.672554
241,dwell,H2S,3,8,"(0,2)",1920.477650,173.716213,1,4,37.291268,122.662573
242,dwell,H2S,3,9,"(1,2)",1749.300845,192.399567,3,7,30.607699,138.790916
243,dwell,H2S,3,10,"(2,0)",1860.874074,138.328681,1,5,29.135563,100.089569
244,dwell,H2S,3,11,"(2,2)",2036.232109,195.032473,1,2,20.485281,111.915932
245,dwell,H2S,3,12,"(1,1)",1456.125190,156.040806,1,2,28.734541,87.850986
246,dwell,S2H_ABS,5,0,"(2,4)",2010.138335,286.911848,4,5,138.237664,115.883226
247,dwell,S2H_ABS,5,1,"(4,4)",2131.664874,201.832279,2,4,118.791910,83.080811
248,dwell,S2H_ABS,5,2,"(3,0)",2404.254882,210.195223,1,3,110.324672,139.262657
249,dwell,S2H_ABS,3,0,"(2,2)",1728.672605,201.446927,1,1,216.401063,116.513271
250,dwell,S2H_ABS,3,1,"(0,0)",6962.753188,1107.786188,5,14,432.934737,568.431687
251,dwell,S2H_ABS,3,2,"(0,2)",5297.282510,649.039553,4,7,102.767425,327.112872
252,dwell,S2H_ABS,3,3,"(0,1)",3463.072693,467.978260,2,8,154.107444,345.053576
253,dwell,S2H_ABS,3,4,"(1,1)",1931.747304,285.344344,2,5,98.079591,179.425406
254,dwell,S2H_ABS,5,0,"(0,1)",2929.409319,404.100415,1,2,102.710730,257.248209
255,dwell,S2H_REL,5,0,"(1,2)",2129.072667,189.827650,1,6,39.397968,146.724655
256,dwell,S2H_REL,5,1,"(2,1)",3063.367684,258.503659,1,13,39.061773,109.944520
257,dwell,S2H_REL,5,2,"(1,4)",2390.374383,268.559473,2,8,13.828427,117.769105
258,dwell,S2H_REL,5,3,"(4,2)",7188.740075,567.255392,2,7,89.484753,294.162522
259,dwell,S2H_ABS,5,0,"(1,1)",98.529313,15.556349,0,3,9.486833,3.605551
260,tap,S2H_REL,5,0,"(1,4)",4791.052334,222.173504,1,11,47.135563,195.921147
261,tap,S2H_ABS,5,0,"(1,1)",3326.958008,474.328508,1,4,90.762618,226.282960
262,tap,S2H_ABS,5,1,"(2,0)",4589.247409,429.212098,24,8,151.093367,477.361038
263,tap,S2H_ABS,5,2,"(4,4)",2990.264868,167.512636,16,4,223.050314,107.980859
264,tap,S2H_ABS,5,3,"(1,2)",6457.046225,718.867798,12,11,148.409818,256.438531
265,tap,S2H_ABS,5,4,"(0,3)",3195.542561,357.507015,12,4,73.601970,249.194970
266,tap,S2H_ABS,5,5,"(3,1)",4791.853564,346.207585,15,6,225.564847,398.862821
267,tap,S2H_ABS,5,6,"(3,2)",4396.769195,277.285754,19,6,254.325638,306.690927
268,tap,S2H_ABS,5,7,"(2,3)",2796.497638,230.305685,19,4,110.433966,152.747527
269,tap,S2H_ABS,5,8,"(1,4)",3127.702978,47.708041,1,3,83.075602,217.990664
270,tap,S2H_ABS,5,9,"(4,3)",2865.627257,137.547377,11,3,186.914349,102.629636
271,tap,S2H_ABS,5,10,"(4,1)",2588.731390,126.837018,11,3,54.379432,96.371635
272,tap,S2H_ABS,5,11,"(3,0)",2920.811144,161.010630,15,5,62.499317,143.331333
273,tap,S2H_ABS,5,12,"(4,0)",2461.140692,141.627967,10,5,59.422521,119.578438
274,tap,S2H_ABS,5,13,"(4,2)",2258.926944,90.389828,10,3,28.291268,72.847790
275,tap,S2H_ABS,5,14,"(0,1)",4591.258572,526.846110,11,9,303.359668,526.075679
276,tap,S2H_ABS,5,15,"(0,2)",2725.982929,141.797537,11,3,71.803642,522.010098
277,tap,S2H_ABS,5,16,"(2,4)",2593.677845,252.921622,12,3,100.945023,156.445352
278,tap,S2H_ABS,5,17,"(0,0)",9316.847119,752.528620,53,10,186.997859,778.695084
279,tap,S2H_ABS,5,18,"(2,2)",5055.663123,318.263574,12,12,141.735187,412.098748
280,tap,S2H_ABS,5,19,"(1,0)",4457.215372,391.812236,10,7,135.700283,390.598543
281,tap,H2S,5,0,"(0,3)",4593.258168,224.800076,2,15,97.568827,67.602312
282,tap,H2S,5,1,"(0,2)",3190.490409,156.279277,9,10,84.051556,48.656326
283,tap,H2S,5,2,"(2,4)",4455.276635,219.748502,8,10,63.507194,270.549702
284,tap,H2S,5,3,"(1,0)",2723.388514,88.758333,10,6,57.258152,50.414533
285,tap,H2S,5,4,"(2,2)",3459.985297,135.227467,8,12,60.889672,63.468555
286,tap,H2S,5,5,"(3,4)",3526.499275,194.220570,9,7,49.264553,262.843191
287,tap,H2S,5,6,"(4,1)",2390.137137,60.683201,12,2,49.734701,29.119695
288,tap,S2H_REL,5,0,"(2,3)",2264.117991,90.524669,1,7,43.071068,70.490128
289,tap,S2H_REL,5,1,"(4,3)",2064.242073,48.012617,10,4,27.135563,30.614272
290,dwell,S2H_REL,5,0,"(2,2)",5854.396896,164.699267,2,7,77.043825,104.392532
291,tap,S2H_REL,5,0,"(1,0)",6121.346919,229.322308,11,11,115.932529,176.012663
292,tap,S2H_ABS,5,0,"(1,1)",4393.492192,673.749406,64,9,120.096414,217.351763
