trial_id,selection,technique,no_of_grids,target_no,target_location,time_taken_ms,distance_traveled_px,no_of_attempts,no_of_visited_cells,tot_dist_travelled_left_palm,tot_dist_travelled_right_palm,landmarks_left,landmarks_right
40,dwell,S2H_ABS,3,7,"(1,1)",50.727028,0.000000,1,0,0.000000,0.000000,"(0.491135,0.799747),(0.539392,0.777135),(0.580081,0.740883),(0.614544,0.720007),(0.643767,0.722451),(0.549482,0.639436),(0.562911,0.578783),(0.572723,0.541570),(0.581514,0.509262),(0.522734,0.629121),(0.529910,0.559925),(0.539700,0.515604),(0.551158,0.481519),(0.496069,0.635295),(0.493057,0.567353),(0.498753,0.524746),(0.510134,0.492721),(0.469770,0.658042),(0.445180,0.613859),(0.432560,0.582726),(0.425588,0.553414)","(0.491135,0.799747),(0.539392,0.777135),(0.580081,0.740883),(0.614544,0.720007),(0.643767,0.722451),(0.549482,0.639436),(0.562911,0.578783),(0.572723,0.541570),(0.581514,0.509262),(0.522734,0.629121),(0.529910,0.559925),(0.539700,0.515604),(0.551158,0.481519),(0.496069,0.635295),(0.493057,0.567353),(0.498753,0.524746),(0.510134,0.492721),(0.469770,0.658042),(0.445180,0.613859),(0.432560,0.582726),(0.425588,0.553414)"
40,dwell,S2H_ABS,3,7,"(1,1)",96.577900,10.049876,1,0,1.000000,1.000000,"(0.491009,0.798410),(0.539344,0.775034),(0.580165,0.738838),(0.614912,0.718863),(0.644262,0.722599),(0.549538,0.638508),(0.562909,0.577262),(0.572720,0.539372),(0.581511,0.506360),(0.522687,0.628799),(0.529996,0.559326),(0.539646,0.514872),(0.551058,0.481037),(0.496022,0.635217),(0.493235,0.566800),(0.499032,0.523875),(0.510679,0.491839),(0.469932,0.657849),(0.445467,0.613386),(0.432937,0.582011),(0.426149,0.552498)","(0.491009,0.798410),(0.539344,0.775034),(0.580165,0.738838),(0.614912,0.718863),(0.644262,0.722599),(0.549538,0.638508),(0.562909,0.577262),(0.572720,0.539372),(0.581511,0.506360),(0.522687,0.628799),(0.529996,0.559326),(0.539646,0.514872),(0.551058,0.481037),(0.496022,0.635217),(0.493235,0.566800),(0.499032,0.523875),(0.510679,0.491839),(0.469932,0.657849),(0.445467,0.613386),(0.432937,0.582011),(0.426149,0.552498)"
40,dwell,S2H_ABS,3,7,"(1,1)",151.166330,18.112133,1,0,2.000000,1.000000,"(0.491444,0.797551),(0.539545,0.774665),(0.580963,0.738329),(0.615980,0.718492),(0.645117,0.722197),(0.549657,0.638212),(0.562843,0.576375),(0.572755,0.537750),(0.581672,0.504378),(0.522738,0.628611),(0.529873,0.558809),(0.539482,0.514020),(0.550989,0.480458),(0.496190,0.634898),(0.493401,0.566293),(0.499141,0.523074),(0.510973,0.491144),(0.470290,0.657169),(0.445894,0.612765),(0.433423,0.581467),(0.426819,0.552323)","(0.491444,0.797551),(0.539545,0.774665),(0.580963,0.738329),(0.615980,0.718492),(0.645117,0.722197),(0.549657,0.638212),(0.562843,0.576375),(0.572755,0.537750),(0.581672,0.504378),(0.522738,0.628611),(0.529873,0.558809),(0.539482,0.514020),(0.550989,0.480458),(0.496190,0.634898),(0.493401,0.566293),(0.499141,0.523074),(0.510973,0.491144),(0.470290,0.657169),(0.445894,0.612765),(0.433423,0.581467),(0.426819,0.552323)"
40,dwell,S2H_ABS,3,7,"(1,1)",200.312085,20.112133,1,0,2.000000,3.828427,"(0.492024,0.797211),(0.540055,0.773929),(0.581451,0.737740),(0.616464,0.718109),(0.646096,0.721949),(0.550314,0.637038),(0.562976,0.574934),(0.572805,0.536415),(0.581882,0.503253),(0.523365,0.627789),(0.530262,0.558099),(0.539736,0.513529),(0.551378,0.480182),(0.496696,0.634281),(0.493813,0.565881),(0.499598,0.522904),(0.511643,0.491156),(0.470848,0.656605),(0.446585,0.611969),(0.434203,0.580783),(0.427800,0.551658)","(0.492024,0.797211),(0.540055,0.773929),(0.581451,0.737740),(0.616464,0.718109),(0.646096,0.721949),(0.550314,0.637038),(0.562976,0.574934),(0.572805,0.536415),(0.581882,0.503253),(0.523365,0.627789),(0.530262,0.558099),(0.539736,0.513529),(0.551378,0.480182),(0.496696,0.634281),(0.493813,0.565881),(0.499598,0.522904),(0.511643,0.491156),(0.470848,0.656605),(0.446585,0.611969),(0.434203,0.580783),(0.427800,0.551658)"
40,dwell,S2H_ABS,3,7,"(1,1)",250.609904,24.584269,1,0,3.000000,6.990705,"(0.492673,0.797395),(0.540635,0.774977),(0.581737,0.738167),(0.616512,0.717941),(0.646204,0.721915),(0.550874,0.637080),(0.563464,0.575576),(0.573154,0.537473),(0.582051,0.504625),(0.524074,0.627564),(0.530845,0.558307),(0.540554,0.513575),(0.552236,0.480021),(0.497476,0.634040),(0.494247,0.565811),(0.500177,0.522616),(0.512212,0.490735),(0.471711,0.656568),(0.447203,0.611951),(0.434743,0.580525),(0.428254,0.551251)","(0.492673,0.797395),(0.540635,0.774977),(0.581737,0.738167),(0.616512,0.717941),(0.646204,0.721915),(0.550874,0.637080),(0.563464,0.575576),(0.573154,0.537473),(0.582051,0.504625),(0.524074,0.627564),(0.530845,0.558307),(0.540554,0.513575),(0.552236,0.480021),(0.497476,0.634040),(0.494247,0.565811),(0.500177,0.522616),(0.512212,0.490735),(0.471711,0.656568),(0.447203,0.611951),(0.434743,0.580525),(0.428254,0.551251)"
40,dwell,S2H_ABS,3,7,"(1,1)",296.660612,31.292473,1,0,3.000000,10.152982,"(0.493925,0.797240),(0.541788,0.774915),(0.582438,0.738001),(0.616987,0.717565),(0.646368,0.721006),(0.551142,0.635933),(0.563294,0.573927),(0.573384,0.535492),(0.582694,0.502127),(0.524543,0.626889),(0.530307,0.557770),(0.539832,0.513064),(0.551434,0.479705),(0.498370,0.633848),(0.494307,0.565889),(0.500210,0.522837),(0.512191,0.491282),(0.473062,0.656924),(0.448027,0.612548),(0.435675,0.581245),(0.429239,0.552296)","(0.493925,0.797240),(0.541788,0.774915),(0.582438,0.738001),(0.616987,0.717565),(0.646368,0.721006),(0.551142,0.635933),(0.563294,0.573927),(0.573384,0.535492),(0.582694,0.502127),(0.524543,0.626889),(0.530307,0.557770),(0.539832,0.513064),(0.551434,0.479705),(0.498370,0.633848),(0.494307,0.565889),(0.500210,0.522837),(0.512191,0.491282),(0.473062,0.656924),(0.448027,0.612548),(0.435675,0.581245),(0.429239,0.552296)"
40,dwell,S2H_ABS,3,7,"(1,1)",351.050034,37.123425,1,0,4.000000,13.315260,"(0.495108,0.795941),(0.542599,0.773221),(0.583173,0.736787),(0.617915,0.716566),(0.647681,0.720199),(0.551338,0.634560),(0.563159,0.571909),(0.573319,0.533222),(0.582764,0.499554),(0.524809,0.625420),(0.530303,0.556238),(0.539648,0.511855),(0.551111,0.478243),(0.498711,0.632229),(0.495079,0.564562),(0.501286,0.522382),(0.513240,0.491274),(0.473491,0.654942),(0.448924,0.610314),(0.436856,0.579323),(0.430384,0.550680)","(0.495108,0.795941),(0.542599,0.773221),(0.583173,0.736787),(0.617915,0.716566),(0.647681,0.720199),(0.551338,0.634560),(0.563159,0.571909),(0.573319,0.533222),(0.582764,0.499554),(0.524809,0.625420),(0.530303,0.556238),(0.539648,0.511855),(0.551111,0.478243),(0.498711,0.632229),(0.495079,0.564562),(0.501286,0.522382),(0.513240,0.491274),(0.473491,0.654942),(0.448924,0.610314),(0.436856,0.579323),(0.430384,0.550680)"
40,dwell,S2H_ABS,3,7,"(1,1)",398.744953,42.954377,1,0,5.000000,14.729474,"(0.496619,0.795897),(0.543857,0.773486),(0.584050,0.736728),(0.618346,0.715597),(0.647910,0.718450),(0.551522,0.634172),(0.562977,0.571235),(0.573084,0.532197),(0.582487,0.498227),(0.525199,0.624733),(0.530282,0.555450),(0.539599,0.510678),(0.551155,0.476642),(0.499291,0.631237),(0.495470,0.563593),(0.501802,0.521413),(0.513674,0.490092),(0.474233,0.653630),(0.449830,0.608627),(0.437895,0.577664),(0.431376,0.548963)","(0.496619,0.795897),(0.543857,0.773486),(0.584050,0.736728),(0.618346,0.715597),(0.647910,0.718450),(0.551522,0.634172),(0.562977,0.571235),(0.573084,0.532197),(0.582487,0.498227),(0.525199,0.624733),(0.530282,0.555450),(0.539599,0.510678),(0.551155,0.476642),(0.499291,0.631237),(0.495470,0.563593),(0.501802,0.521413),(0.513674,0.490092),(0.474233,0.653630),(0.449830,0.608627),(0.437895,0.577664),(0.431376,0.548963)"
40,dwell,S2H_ABS,3,7,"(1,1)",451.246994,50.954377,1,0,6.000000,17.891751,"(0.495375,0.794403),(0.543143,0.772003),(0.583817,0.734988),(0.618680,0.713277),(0.648580,0.715726),(0.552057,0.634030),(0.563999,0.571325),(0.573856,0.532740),(0.582907,0.498892),(0.525747,0.623773),(0.531570,0.554259),(0.541058,0.509590),(0.552491,0.474960),(0.499736,0.629780),(0.496651,0.561789),(0.503363,0.519762),(0.515241,0.488198),(0.474436,0.652020),(0.450400,0.607082),(0.438445,0.576220),(0.431821,0.547249)","(0.495375,0.794403),(0.543143,0.772003),(0.583817,0.734988),(0.618680,0.713277),(0.648580,0.715726),(0.552057,0.634030),(0.563999,0.571325),(0.573856,0.532740),(0.582907,0.498892),(0.525747,0.623773),(0.531570,0.554259),(0.541058,0.509590),(0.552491,0.474960),(0.499736,0.629780),(0.496651,0.561789),(0.503363,0.519762),(0.515241,0.488198),(0.474436,0.652020),(0.450400,0.607082),(0.438445,0.576220),(0.431821,0.547249)"
40,dwell,S2H_ABS,3,7,"(1,1)",499.145248,61.394684,1,0,7.414214,22.990771,"(0.494974,0.791350),(0.543215,0.768368),(0.583562,0.731091),(0.618404,0.709685),(0.648389,0.712100),(0.551636,0.630575),(0.563922,0.567114),(0.574231,0.528023),(0.583600,0.494306),(0.525313,0.620642),(0.530931,0.550567),(0.540414,0.506088),(0.551987,0.472139),(0.499605,0.626917),(0.496368,0.558524),(0.503027,0.516735),(0.514887,0.485832),(0.474784,0.649284),(0.450709,0.604441),(0.438951,0.573360),(0.432426,0.544279)","(0.494974,0.791350),(0.543215,0.768368),(0.583562,0.731091),(0.618404,0.709685),(0.648389,0.712100),(0.551636,0.630575),(0.563922,0.567114),(0.574231,0.528023),(0.583600,0.494306),(0.525313,0.620642),(0.530931,0.550567),(0.540414,0.506088),(0.551987,0.472139),(0.499605,0.626917),(0.496368,0.558524),(0.503027,0.516735),(0.514887,0.485832),(0.474784,0.649284),(0.450709,0.604441),(0.438951,0.573360),(0.432426,0.544279)"
40,dwell,S2H_ABS,3,7,"(1,1)",551.912465,72.165013,1,0,9.414214,28.821723,"(0.495132,0.788575),(0.542840,0.764859),(0.582581,0.726881),(0.617212,0.705582),(0.647266,0.709191),(0.550981,0.627528),(0.563366,0.563707),(0.573669,0.524428),(0.582772,0.490514),(0.525043,0.617812),(0.530912,0.547574),(0.540530,0.503125),(0.552238,0.468944),(0.499733,0.624493),(0.496449,0.556091),(0.502853,0.513908),(0.514604,0.482454),(0.475277,0.647270),(0.451446,0.602021),(0.439364,0.570672),(0.432716,0.541146)","(0.495132,0.788575),(0.542840,0.764859),(0.582581,0.726881),(0.617212,0.705582),(0.647266,0.709191),(0.550981,0.627528),(0.563366,0.563707),(0.573669,0.524428),(0.582772,0.490514),(0.525043,0.617812),(0.530912,0.547574),(0.540530,0.503125),(0.552238,0.468944),(0.499733,0.624493),(0.496449,0.556091),(0.502853,0.513908),(0.514604,0.482454),(0.475277,0.647270),(0.451446,0.602021),(0.439364,0.570672),(0.432716,0.541146)"
40,dwell,S2H_ABS,3,7,"(1,1)",598.769323,84.248059,1,0,10.828427,35.146278,"(0.496017,0.785433),(0.543413,0.760924),(0.582189,0.722577),(0.615861,0.701046),(0.645714,0.705414),(0.550110,0.623482),(0.562163,0.559914),(0.572613,0.520556),(0.581958,0.486795),(0.524343,0.613829),(0.530065,0.544009),(0.539883,0.499551),(0.551811,0.465147),(0.499170,0.620572),(0.495874,0.552823),(0.502178,0.510792),(0.513633,0.479434),(0.474809,0.643310),(0.450956,0.598243),(0.438725,0.566918),(0.431900,0.537470)","(0.496017,0.785433),(0.543413,0.760924),(0.582189,0.722577),(0.615861,0.701046),(0.645714,0.705414),(0.550110,0.623482),(0.562163,0.559914),(0.572613,0.520556),(0.581958,0.486795),(0.524343,0.613829),(0.530065,0.544009),(0.539883,0.499551),(0.551811,0.465147),(0.499170,0.620572),(0.495874,0.552823),(0.502178,0.510792),(0.513633,0.479434),(0.474809,0.643310),(0.450956,0.598243),(0.438725,0.566918),(0.431900,0.537470)"
40,dwell,S2H_ABS,3,7,"(1,1)",652.271700,96.331105,1,0,13.064495,42.426388,"(0.494933,0.780438),(0.543015,0.756197),(0.581214,0.718769),(0.614565,0.697260),(0.644871,0.702138),(0.550363,0.619739),(0.562749,0.557147),(0.573199,0.518157),(0.582781,0.485118),(0.524442,0.609464),(0.530083,0.539895),(0.539502,0.494985),(0.551072,0.460169),(0.498907,0.615778),(0.495567,0.548250),(0.501776,0.505747),(0.513019,0.474091),(0.474164,0.638335),(0.449469,0.593308),(0.436811,0.561555),(0.429892,0.531665)","(0.494933,0.780438),(0.543015,0.756197),(0.581214,0.718769),(0.614565,0.697260),(0.644871,0.702138),(0.550363,0.619739),(0.562749,0.557147),(0.573199,0.518157),(0.582781,0.485118),(0.524442,0.609464),(0.530083,0.539895),(0.539502,0.494985),(0.551072,0.460169),(0.498907,0.615778),(0.495567,0.548250),(0.501776,0.505747),(0.513019,0.474091),(0.474164,0.638335),(0.449469,0.593308),(0.436811,0.561555),(0.429892,0.531665)"
40,dwell,S2H_ABS,3,7,"(1,1)",699.985729,108.700422,1,0,16.064495,49.497456,"(0.494854,0.775230),(0.542980,0.750467),(0.580289,0.713843),(0.613423,0.692183),(0.643372,0.696096),(0.549797,0.615104),(0.562227,0.552209),(0.572428,0.513135),(0.582110,0.480176),(0.523640,0.604715),(0.528627,0.535128),(0.537781,0.489949),(0.549536,0.455339),(0.498097,0.611130),(0.494316,0.543409),(0.500358,0.500577),(0.511824,0.468715),(0.473324,0.634318),(0.448169,0.589766),(0.435319,0.557795),(0.428501,0.527528)","(0.494854,0.775230),(0.542980,0.750467),(0.580289,0.713843),(0.613423,0.692183),(0.643372,0.696096),(0.549797,0.615104),(0.562227,0.552209),(0.572428,0.513135),(0.582110,0.480176),(0.523640,0.604715),(0.528627,0.535128),(0.537781,0.489949),(0.549536,0.455339),(0.498097,0.611130),(0.494316,0.543409),(0.500358,0.500577),(0.511824,0.468715),(0.473324,0.634318),(0.448169,0.589766),(0.435319,0.557795),(0.428501,0.527528)"
40,dwell,S2H_ABS,3,7,"(1,1)",747.947285,122.301893,1,0,18.064495,56.497456,"(0.494362,0.770121),(0.541986,0.744804),(0.579215,0.708956),(0.612633,0.687487),(0.642827,0.690299),(0.548539,0.609859),(0.561309,0.546323),(0.571344,0.507125),(0.581046,0.473642),(0.522081,0.600052),(0.526751,0.530237),(0.535080,0.484852),(0.546313,0.450109),(0.496381,0.607168),(0.492118,0.539145),(0.497695,0.495693),(0.509086,0.463481),(0.471461,0.630927),(0.446405,0.586339),(0.433499,0.553915),(0.427023,0.523382)","(0.494362,0.770121),(0.541986,0.744804),(0.579215,0.708956),(0.612633,0.687487),(0.642827,0.690299),(0.548539,0.609859),(0.561309,0.546323),(0.571344,0.507125),(0.581046,0.473642),(0.522081,0.600052),(0.526751,0.530237),(0.535080,0.484852),(0.546313,0.450109),(0.496381,0.607168),(0.492118,0.539145),(0.497695,0.495693),(0.509086,0.463481),(0.471461,0.630927),(0.446405,0.586339),(0.433499,0.553915),(0.427023,0.523382)"
40,dwell,S2H_ABS,3,7,"(1,1)",800.253759,135.643557,1,0,21.064495,64.497456,"(0.494618,0.764606),(0.541861,0.739420),(0.579376,0.704686),(0.613609,0.683758),(0.643557,0.685233),(0.546434,0.604439),(0.559244,0.540481),(0.569556,0.500924),(0.579557,0.467213),(0.519662,0.594958),(0.524097,0.524980),(0.532123,0.479284),(0.543224,0.445075),(0.494143,0.602359),(0.489343,0.534439),(0.494471,0.490616),(0.505654,0.458556),(0.469461,0.626175),(0.444764,0.581468),(0.432431,0.548871),(0.426509,0.518665)","(0.494618,0.764606),(0.541861,0.739420),(0.579376,0.704686),(0.613609,0.683758),(0.643557,0.685233),(0.546434,0.604439),(0.559244,0.540481),(0.569556,0.500924),(0.579557,0.467213),(0.519662,0.594958),(0.524097,0.524980),(0.532123,0.479284),(0.543224,0.445075),(0.494143,0.602359),(0.489343,0.534439),(0.494471,0.490616),(0.505654,0.458556),(0.469461,0.626175),(0.444764,0.581468),(0.432431,0.548871),(0.426509,0.518665)"
40,dwell,S2H_ABS,3,7,"(1,1)",847.277784,148.012873,1,0,23.064495,71.777566,"(0.493631,0.760122),(0.541516,0.736012),(0.578516,0.702906),(0.611876,0.681098),(0.639558,0.678722),(0.543235,0.599612),(0.556514,0.535071),(0.567297,0.495598),(0.577360,0.461491),(0.516718,0.590418),(0.521590,0.519985),(0.530296,0.473861),(0.541650,0.439817),(0.491924,0.597885),(0.486922,0.529538),(0.491987,0.485563),(0.502422,0.453371),(0.467985,0.621278),(0.443171,0.575526),(0.431209,0.542627),(0.425552,0.512071)","(0.493631,0.760122),(0.541516,0.736012),(0.578516,0.702906),(0.611876,0.681098),(0.639558,0.678722),(0.543235,0.599612),(0.556514,0.535071),(0.567297,0.495598),(0.577360,0.461491),(0.516718,0.590418),(0.521590,0.519985),(0.530296,0.473861),(0.541650,0.439817),(0.491924,0.597885),(0.486922,0.529538),(0.491987,0.485563),(0.502422,0.453371),(0.467985,0.621278),(0.443171,0.575526),(0.431209,0.542627),(0.425552,0.512071)"
40,dwell,S2H_ABS,3,7,"(1,1)",901.815244,157.068259,1,0,25.300563,77.860328,"(0.492265,0.754513),(0.540065,0.731149),(0.577490,0.699051),(0.610610,0.676804),(0.636423,0.672097),(0.542001,0.594346),(0.554601,0.529921),(0.565079,0.490862),(0.574982,0.456284),(0.515582,0.585156),(0.519815,0.515024),(0.528143,0.469532),(0.539473,0.435846),(0.491015,0.592624),(0.485329,0.524772),(0.489859,0.481439),(0.499816,0.449236),(0.467231,0.615972),(0.442407,0.570341),(0.430614,0.537861),(0.425041,0.507033)","(0.492265,0.754513),(0.540065,0.731149),(0.577490,0.699051),(0.610610,0.676804),(0.636423,0.672097),(0.542001,0.594346),(0.554601,0.529921),(0.565079,0.490862),(0.574982,0.456284),(0.515582,0.585156),(0.519815,0.515024),(0.528143,0.469532),(0.539473,0.435846),(0.491015,0.592624),(0.485329,0.524772),(0.489859,0.481439),(0.499816,0.449236),(0.467231,0.615972),(0.442407,0.570341),(0.430614,0.537861),(0.425041,0.507033)"
40,dwell,S2H_ABS,3,7,"(1,1)",949.612179,166.068259,1,0,28.462841,85.140438,"(0.491592,0.749518),(0.538620,0.727385),(0.576044,0.695283),(0.609292,0.673715),(0.635462,0.669163),(0.541359,0.589373),(0.553576,0.525296),(0.563972,0.486470),(0.574017,0.452001),(0.514920,0.580532),(0.519348,0.510345),(0.527678,0.465279),(0.539288,0.432273),(0.490527,0.588526),(0.485124,0.520323),(0.489948,0.477064),(0.500249,0.445105),(0.466891,0.612272),(0.442135,0.566319),(0.430582,0.533877),(0.425371,0.502994)","(0.491592,0.749518),(0.538620,0.727385),(0.576044,0.695283),(0.609292,0.673715),(0.635462,0.669163),(0.541359,0.589373),(0.553576,0.525296),(0.563972,0.486470),(0.574017,0.452001),(0.514920,0.580532),(0.519348,0.510345),(0.527678,0.465279),(0.539288,0.432273),(0.490527,0.588526),(0.485124,0.520323),(0.489948,0.477064),(0.500249,0.445105),(0.466891,0.612272),(0.442135,0.566319),(0.430582,0.533877),(0.425371,0.502994)"
40,dwell,S2H_ABS,3,7,"(1,1)",1003.519502,176.266298,1,0,30.462841,92.211506,"(0.491941,0.745429),(0.537710,0.723922),(0.574573,0.691933),(0.607310,0.671904),(0.633677,0.669924),(0.540582,0.584975),(0.552310,0.521649),(0.562523,0.483025),(0.572721,0.448263),(0.514055,0.576268),(0.518186,0.506478),(0.526319,0.462288),(0.538113,0.429920),(0.489892,0.584558),(0.484578,0.516962),(0.489118,0.474813),(0.499492,0.443010),(0.466667,0.608370),(0.442696,0.562973),(0.431203,0.531343),(0.426096,0.500416)","(0.491941,0.745429),(0.537710,0.723922),(0.574573,0.691933),(0.607310,0.671904),(0.633677,0.669924),(0.540582,0.584975),(0.552310,0.521649),(0.562523,0.483025),(0.572721,0.448263),(0.514055,0.576268),(0.518186,0.506478),(0.526319,0.462288),(0.538113,0.429920),(0.489892,0.584558),(0.484578,0.516962),(0.489118,0.474813),(0.499492,0.443010),(0.466667,0.608370),(0.442696,0.562973),(0.431203,0.531343),(0.426096,0.500416)"
40,dwell,S2H_ABS,3,7,"(1,1)",1003.519502,176.266298,1,0,30.462841,92.211506,"(0.491941,0.745429),(0.537710,0.723922),(0.574573,0.691933),(0.607310,0.671904),(0.633677,0.669924),(0.540582,0.584975),(0.552310,0.521649),(0.562523,0.483025),(0.572721,0.448263),(0.514055,0.576268),(0.518186,0.506478),(0.526319,0.462288),(0.538113,0.429920),(0.489892,0.584558),(0.484578,0.516962),(0.489118,0.474813),(0.499492,0.443010),(0.466667,0.608370),(0.442696,0.562973),(0.431203,0.531343),(0.426096,0.500416)","(0.491941,0.745429),(0.537710,0.723922),(0.574573,0.691933),(0.607310,0.671904),(0.633677,0.669924),(0.540582,0.584975),(0.552310,0.521649),(0.562523,0.483025),(0.572721,0.448263),(0.514055,0.576268),(0.518186,0.506478),(0.526319,0.462288),(0.538113,0.429920),(0.489892,0.584558),(0.484578,0.516962),(0.489118,0.474813),(0.499492,0.443010),(0.466667,0.608370),(0.442696,0.562973),(0.431203,0.531343),(0.426096,0.500416)"
40,dwell,S2H_ABS,3,7,"(1,1)",1049.369570,184.810301,1,0,32.462841,98.536061,"(0.491757,0.742075),(0.536649,0.720712),(0.572846,0.688344),(0.605077,0.669309),(0.631028,0.668984),(0.539128,0.581585),(0.551078,0.518430),(0.561850,0.479597),(0.572844,0.444675),(0.513199,0.573447),(0.517863,0.503506),(0.526745,0.459549),(0.539476,0.427387),(0.489540,0.582172),(0.484530,0.514743),(0.489229,0.472474),(0.499952,0.440310),(0.466945,0.606193),(0.443285,0.560968),(0.431755,0.529605),(0.426744,0.498729)","(0.491757,0.742075),(0.536649,0.720712),(0.572846,0.688344),(0.605077,0.669309),(0.631028,0.668984),(0.539128,0.581585),(0.551078,0.518430),(0.561850,0.479597),(0.572844,0.444675),(0.513199,0.573447),(0.517863,0.503506),(0.526745,0.459549),(0.539476,0.427387),(0.489540,0.582172),(0.484530,0.514743),(0.489229,0.472474),(0.499952,0.440310),(0.466945,0.606193),(0.443285,0.560968),(0.431755,0.529605),(0.426744,0.498729)"
40,dwell,S2H_ABS,3,7,"(1,1)",1049.369570,184.810301,1,0,32.462841,98.536061,"(0.491757,0.742075),(0.536649,0.720712),(0.572846,0.688344),(0.605077,0.669309),(0.631028,0.668984),(0.539128,0.581585),(0.551078,0.518430),(0.561850,0.479597),(0.572844,0.444675),(0.513199,0.573447),(0.517863,0.503506),(0.526745,0.459549),(0.539476,0.427387),(0.489540,0.582172),(0.484530,0.514743),(0.489229,0.472474),(0.499952,0.440310),(0.466945,0.606193),(0.443285,0.560968),(0.431755,0.529605),(0.426744,0.498729)","(0.491757,0.742075),(0.536649,0.720712),(0.572846,0.688344),(0.605077,0.669309),(0.631028,0.668984),(0.539128,0.581585),(0.551078,0.518430),(0.561850,0.479597),(0.572844,0.444675),(0.513199,0.573447),(0.517863,0.503506),(0.526745,0.459549),(0.539476,0.427387),(0.489540,0.582172),(0.484530,0.514743),(0.489229,0.472474),(0.499952,0.440310),(0.466945,0.606193),(0.443285,0.560968),(0.431755,0.529605),(0.426744,0.498729)"
40,dwell,S2H_ABS,3,7,"(1,1)",1097.185863,192.090411,1,0,33.462841,104.367013,"(0.492193,0.739577),(0.536647,0.716890),(0.570361,0.683243),(0.598336,0.663534),(0.619870,0.662967),(0.538654,0.578704),(0.550943,0.516422),(0.562014,0.477833),(0.573381,0.443416),(0.512734,0.571140),(0.517618,0.501354),(0.527127,0.457885),(0.540821,0.426126),(0.489242,0.580595),(0.484692,0.513737),(0.489435,0.471826),(0.500303,0.439202),(0.467227,0.605011),(0.443720,0.560463),(0.431959,0.529333),(0.426985,0.497840)","(0.492193,0.739577),(0.536647,0.716890),(0.570361,0.683243),(0.598336,0.663534),(0.619870,0.662967),(0.538654,0.578704),(0.550943,0.516422),(0.562014,0.477833),(0.573381,0.443416),(0.512734,0.571140),(0.517618,0.501354),(0.527127,0.457885),(0.540821,0.426126),(0.489242,0.580595),(0.484692,0.513737),(0.489435,0.471826),(0.500303,0.439202),(0.467227,0.605011),(0.443720,0.560463),(0.431959,0.529333),(0.426985,0.497840)"
40,dwell,S2H_ABS,3,7,"(1,1)",1097.185863,192.090411,1,0,33.462841,104.367013,"(0.492193,0.739577),(0.536647,0.716890),(0.570361,0.683243),(0.598336,0.663534),(0.619870,0.662967),(0.538654,0.578704),(0.550943,0.516422),(0.562014,0.477833),(0.573381,0.443416),(0.512734,0.571140),(0.517618,0.501354),(0.527127,0.457885),(0.540821,0.426126),(0.489242,0.580595),(0.484692,0.513737),(0.489435,0.471826),(0.500303,0.439202),(0.467227,0.605011),(0.443720,0.560463),(0.431959,0.529333),(0.426985,0.497840)","(0.492193,0.739577),(0.536647,0.716890),(0.570361,0.683243),(0.598336,0.663534),(0.619870,0.662967),(0.538654,0.578704),(0.550943,0.516422),(0.562014,0.477833),(0.573381,0.443416),(0.512734,0.571140),(0.517618,0.501354),(0.527127,0.457885),(0.540821,0.426126),(0.489242,0.580595),(0.484692,0.513737),(0.489435,0.471826),(0.500303,0.439202),(0.467227,0.605011),(0.443720,0.560463),(0.431959,0.529333),(0.426985,0.497840)"
40,dwell,S2H_ABS,3,7,"(1,1)",1147.310199,198.798615,1,0,34.462841,110.197965,"(0.493243,0.739433),(0.536678,0.714558),(0.565979,0.677160),(0.585372,0.650043),(0.598202,0.642649),(0.537776,0.578914),(0.550753,0.516897),(0.561964,0.478391),(0.573300,0.443574),(0.512071,0.571170),(0.517611,0.500744),(0.527650,0.457107),(0.541440,0.423848),(0.488388,0.580505),(0.484376,0.513832),(0.489601,0.471382),(0.500632,0.436511),(0.466305,0.604799),(0.444059,0.560033),(0.432949,0.528403),(0.428228,0.495780)","(0.493243,0.739433),(0.536678,0.714558),(0.565979,0.677160),(0.585372,0.650043),(0.598202,0.642649),(0.537776,0.578914),(0.550753,0.516897),(0.561964,0.478391),(0.573300,0.443574),(0.512071,0.571170),(0.517611,0.500744),(0.527650,0.457107),(0.541440,0.423848),(0.488388,0.580505),(0.484376,0.513832),(0.489601,0.471382),(0.500632,0.436511),(0.466305,0.604799),(0.444059,0.560033),(0.432949,0.528403),(0.428228,0.495780)"
40,dwell,S2H_ABS,3,7,"(1,1)",1147.310199,198.798615,1,0,34.462841,110.197965,"(0.493243,0.739433),(0.536678,0.714558),(0.565979,0.677160),(0.585372,0.650043),(0.598202,0.642649),(0.537776,0.578914),(0.550753,0.516897),(0.561964,0.478391),(0.573300,0.443574),(0.512071,0.571170),(0.517611,0.500744),(0.527650,0.457107),(0.541440,0.423848),(0.488388,0.580505),(0.484376,0.513832),(0.489601,0.471382),(0.500632,0.436511),(0.466305,0.604799),(0.444059,0.560033),(0.432949,0.528403),(0.428228,0.495780)","(0.493243,0.739433),(0.536678,0.714558),(0.565979,0.677160),(0.585372,0.650043),(0.598202,0.642649),(0.537776,0.578914),(0.550753,0.516897),(0.561964,0.478391),(0.573300,0.443574),(0.512071,0.571170),(0.517611,0.500744),(0.527650,0.457107),(0.541440,0.423848),(0.488388,0.580505),(0.484376,0.513832),(0.489601,0.471382),(0.500632,0.436511),(0.466305,0.604799),(0.444059,0.560033),(0.432949,0.528403),(0.428228,0.495780)"
40,dwell,S2H_ABS,3,7,"(1,1)",1199.094181,203.798615,1,0,34.462841,116.028917,"(0.493817,0.739887),(0.535641,0.712604),(0.559139,0.671472),(0.569063,0.637872),(0.573494,0.622629),(0.537171,0.578501),(0.551602,0.517729),(0.562898,0.480053),(0.573390,0.446068),(0.511837,0.570658),(0.518661,0.499246),(0.529208,0.455597),(0.542050,0.421188),(0.487699,0.580162),(0.484517,0.513251),(0.491423,0.470261),(0.503137,0.434276),(0.464903,0.604937),(0.443654,0.559348),(0.433583,0.526920),(0.429586,0.493934)","(0.493817,0.739887),(0.535641,0.712604),(0.559139,0.671472),(0.569063,0.637872),(0.573494,0.622629),(0.537171,0.578501),(0.551602,0.517729),(0.562898,0.480053),(0.573390,0.446068),(0.511837,0.570658),(0.518661,0.499246),(0.529208,0.455597),(0.542050,0.421188),(0.487699,0.580162),(0.484517,0.513251),(0.491423,0.470261),(0.503137,0.434276),(0.464903,0.604937),(0.443654,0.559348),(0.433583,0.526920),(0.429586,0.493934)"
40,dwell,S2H_ABS,3,7,"(1,1)",1199.094181,203.798615,1,0,34.462841,116.028917,"(0.493817,0.739887),(0.535641,0.712604),(0.559139,0.671472),(0.569063,0.637872),(0.573494,0.622629),(0.537171,0.578501),(0.551602,0.517729),(0.562898,0.480053),(0.573390,0.446068),(0.511837,0.570658),(0.518661,0.499246),(0.529208,0.455597),(0.542050,0.421188),(0.487699,0.580162),(0.484517,0.513251),(0.491423,0.470261),(0.503137,0.434276),(0.464903,0.604937),(0.443654,0.559348),(0.433583,0.526920),(0.429586,0.493934)","(0.493817,0.739887),(0.535641,0.712604),(0.559139,0.671472),(0.569063,0.637872),(0.573494,0.622629),(0.537171,0.578501),(0.551602,0.517729),(0.562898,0.480053),(0.573390,0.446068),(0.511837,0.570658),(0.518661,0.499246),(0.529208,0.455597),(0.542050,0.421188),(0.487699,0.580162),(0.484517,0.513251),(0.491423,0.470261),(0.503137,0.434276),(0.464903,0.604937),(0.443654,0.559348),(0.433583,0.526920),(0.429586,0.493934)"
40,dwell,S2H_ABS,3,7,"(1,1)",1248.028519,208.798615,1,0,35.462841,120.501053,"(0.491397,0.741919),(0.533072,0.711638),(0.553925,0.667824),(0.558340,0.631466),(0.557433,0.611815),(0.535872,0.577377),(0.553455,0.523798),(0.568062,0.501971),(0.579929,0.487030),(0.512463,0.567956),(0.521370,0.497237),(0.533622,0.455069),(0.547755,0.419794),(0.488704,0.577763),(0.486632,0.510891),(0.493907,0.467106),(0.506112,0.429070),(0.465291,0.603180),(0.443311,0.557819),(0.432879,0.525490),(0.428865,0.491811)","(0.491397,0.741919),(0.533072,0.711638),(0.553925,0.667824),(0.558340,0.631466),(0.557433,0.611815),(0.535872,0.577377),(0.553455,0.523798),(0.568062,0.501971),(0.579929,0.487030),(0.512463,0.567956),(0.521370,0.497237),(0.533622,0.455069),(0.547755,0.419794),(0.488704,0.577763),(0.486632,0.510891),(0.493907,0.467106),(0.506112,0.429070),(0.465291,0.603180),(0.443311,0.557819),(0.432879,0.525490),(0.428865,0.491811)"
40,dwell,S2H_ABS,3,7,"(1,1)",1248.028519,208.798615,1,0,35.462841,120.501053,"(0.491397,0.741919),(0.533072,0.711638),(0.553925,0.667824),(0.558340,0.631466),(0.557433,0.611815),(0.535872,0.577377),(0.553455,0.523798),(0.568062,0.501971),(0.579929,0.487030),(0.512463,0.567956),(0.521370,0.497237),(0.533622,0.455069),(0.547755,0.419794),(0.488704,0.577763),(0.486632,0.510891),(0.493907,0.467106),(0.506112,0.429070),(0.465291,0.603180),(0.443311,0.557819),(0.432879,0.525490),(0.428865,0.491811)","(0.491397,0.741919),(0.533072,0.711638),(0.553925,0.667824),(0.558340,0.631466),(0.557433,0.611815),(0.535872,0.577377),(0.553455,0.523798),(0.568062,0.501971),(0.579929,0.487030),(0.512463,0.567956),(0.521370,0.497237),(0.533622,0.455069),(0.547755,0.419794),(0.488704,0.577763),(0.486632,0.510891),(0.493907,0.467106),(0.506112,0.429070),(0.465291,0.603180),(0.443311,0.557819),(0.432879,0.525490),(0.428865,0.491811)"
40,dwell,S2H_ABS,3,7,"(1,1)",1298.821160,212.404166,1,0,36.877054,123.329480,"(0.489121,0.743365),(0.531787,0.710689),(0.552246,0.665380),(0.556624,0.631640),(0.558345,0.618093),(0.535283,0.574136),(0.551888,0.519323),(0.566615,0.492608),(0.579253,0.473328),(0.511781,0.566362),(0.520602,0.495703),(0.532877,0.454599),(0.547061,0.420304),(0.488116,0.576728),(0.485237,0.509671),(0.492310,0.466372),(0.504790,0.429198),(0.464914,0.602353),(0.442213,0.557413),(0.431820,0.525390),(0.428000,0.491779)","(0.489121,0.743365),(0.531787,0.710689),(0.552246,0.665380),(0.556624,0.631640),(0.558345,0.618093),(0.535283,0.574136),(0.551888,0.519323),(0.566615,0.492608),(0.579253,0.473328),(0.511781,0.566362),(0.520602,0.495703),(0.532877,0.454599),(0.547061,0.420304),(0.488116,0.576728),(0.485237,0.509671),(0.492310,0.466372),(0.504790,0.429198),(0.464914,0.602353),(0.442213,0.557413),(0.431820,0.525390),(0.428000,0.491779)"
40,dwell,S2H_ABS,3,7,"(1,1)",1298.821160,212.404166,1,0,36.877054,123.329480,"(0.489121,0.743365),(0.531787,0.710689),(0.552246,0.665380),(0.556624,0.631640),(0.558345,0.618093),(0.535283,0.574136),(0.551888,0.519323),(0.566615,0.492608),(0.579253,0.473328),(0.511781,0.566362),(0.520602,0.495703),(0.532877,0.454599),(0.547061,0.420304),(0.488116,0.576728),(0.485237,0.509671),(0.492310,0.466372),(0.504790,0.429198),(0.464914,0.602353),(0.442213,0.557413),(0.431820,0.525390),(0.428000,0.491779)","(0.489121,0.743365),(0.531787,0.710689),(0.552246,0.665380),(0.556624,0.631640),(0.558345,0.618093),(0.535283,0.574136),(0.551888,0.519323),(0.566615,0.492608),(0.579253,0.473328),(0.511781,0.566362),(0.520602,0.495703),(0.532877,0.454599),(0.547061,0.420304),(0.488116,0.576728),(0.485237,0.509671),(0.492310,0.466372),(0.504790,0.429198),(0.464914,0.602353),(0.442213,0.557413),(0.431820,0.525390),(0.428000,0.491779)"
40,dwell,S2H_ABS,3,7,"(1,1)",1347.994355,215.232594,1,0,39.113122,126.157907,"(0.486689,0.745027),(0.529677,0.710448),(0.549448,0.663333),(0.551444,0.627008),(0.550952,0.611581),(0.534808,0.574106),(0.551343,0.520298),(0.565952,0.498520),(0.578564,0.484144),(0.511862,0.565982),(0.521064,0.495422),(0.533870,0.454748),(0.548429,0.419185),(0.488329,0.576323),(0.485414,0.509233),(0.492502,0.465672),(0.505103,0.427432),(0.464835,0.602125),(0.442390,0.557553),(0.432103,0.525743),(0.428122,0.491500)","(0.486689,0.745027),(0.529677,0.710448),(0.549448,0.663333),(0.551444,0.627008),(0.550952,0.611581),(0.534808,0.574106),(0.551343,0.520298),(0.565952,0.498520),(0.578564,0.484144),(0.511862,0.565982),(0.521064,0.495422),(0.533870,0.454748),(0.548429,0.419185),(0.488329,0.576323),(0.485414,0.509233),(0.492502,0.465672),(0.505103,0.427432),(0.464835,0.602125),(0.442390,0.557553),(0.432103,0.525743),(0.428122,0.491500)"
40,dwell,S2H_ABS,3,7,"(1,1)",1347.994355,215.232594,1,0,39.113122,126.157907,"(0.486689,0.745027),(0.529677,0.710448),(0.549448,0.663333),(0.551444,0.627008),(0.550952,0.611581),(0.534808,0.574106),(0.551343,0.520298),(0.565952,0.498520),(0.578564,0.484144),(0.511862,0.565982),(0.521064,0.495422),(0.533870,0.454748),(0.548429,0.419185),(0.488329,0.576323),(0.485414,0.509233),(0.492502,0.465672),(0.505103,0.427432),(0.464835,0.602125),(0.442390,0.557553),(0.432103,0.525743),(0.428122,0.491500)","(0.486689,0.745027),(0.529677,0.710448),(0.549448,0.663333),(0.551444,0.627008),(0.550952,0.611581),(0.534808,0.574106),(0.551343,0.520298),(0.565952,0.498520),(0.578564,0.484144),(0.511862,0.565982),(0.521064,0.495422),(0.533870,0.454748),(0.548429,0.419185),(0.488329,0.576323),(0.485414,0.509233),(0.492502,0.465672),(0.505103,0.427432),(0.464835,0.602125),(0.442390,0.557553),(0.432103,0.525743),(0.428122,0.491500)"
40,dwell,S2H_ABS,3,7,"(1,1)",1399.803362,217.232594,1,0,40.527336,127.572121,"(0.484033,0.746466),(0.526420,0.710517),(0.545266,0.663039),(0.545219,0.624644),(0.542132,0.605337),(0.533235,0.574968),(0.551355,0.522528),(0.567015,0.503697),(0.580093,0.491838),(0.510805,0.565888),(0.520358,0.494973),(0.533619,0.454450),(0.548455,0.418245),(0.487337,0.575874),(0.484449,0.509251),(0.491721,0.465945),(0.504178,0.427505),(0.463565,0.601549),(0.441680,0.557226),(0.432161,0.525502),(0.428718,0.491641)","(0.484033,0.746466),(0.526420,0.710517),(0.545266,0.663039),(0.545219,0.624644),(0.542132,0.605337),(0.533235,0.574968),(0.551355,0.522528),(0.567015,0.503697),(0.580093,0.491838),(0.510805,0.565888),(0.520358,0.494973),(0.533619,0.454450),(0.548455,0.418245),(0.487337,0.575874),(0.484449,0.509251),(0.491721,0.465945),(0.504178,0.427505),(0.463565,0.601549),(0.441680,0.557226),(0.432161,0.525502),(0.428718,0.491641)"
40,dwell,S2H_ABS,3,7,"(1,1)",1399.803362,217.232594,1,0,40.527336,127.572121,"(0.484033,0.746466),(0.526420,0.710517),(0.545266,0.663039),(0.545219,0.624644),(0.542132,0.605337),(0.533235,0.574968),(0.551355,0.522528),(0.567015,0.503697),(0.580093,0.491838),(0.510805,0.565888),(0.520358,0.494973),(0.533619,0.454450),(0.548455,0.418245),(0.487337,0.575874),(0.484449,0.509251),(0.491721,0.465945),(0.504178,0.427505),(0.463565,0.601549),(0.441680,0.557226),(0.432161,0.525502),(0.428718,0.491641)","(0.484033,0.746466),(0.526420,0.710517),(0.545266,0.663039),(0.545219,0.624644),(0.542132,0.605337),(0.533235,0.574968),(0.551355,0.522528),(0.567015,0.503697),(0.580093,0.491838),(0.510805,0.565888),(0.520358,0.494973),(0.533619,0.454450),(0.548455,0.418245),(0.487337,0.575874),(0.484449,0.509251),(0.491721,0.465945),(0.504178,0.427505),(0.463565,0.601549),(0.441680,0.557226),(0.432161,0.525502),(0.428718,0.491641)"
40,dwell,S2H_ABS,3,7,"(1,1)",1447.976157,219.232594,1,0,41.527336,129.808189,"(0.482542,0.747228),(0.525609,0.711402),(0.545335,0.664418),(0.543747,0.627145),(0.538879,0.609810),(0.532674,0.573333),(0.550190,0.519714),(0.565064,0.497283),(0.577995,0.481663),(0.509022,0.564787),(0.518468,0.494282),(0.530760,0.454395),(0.544966,0.418687),(0.485006,0.574794),(0.482371,0.508898),(0.489788,0.466827),(0.502689,0.429211),(0.461054,0.600676),(0.439873,0.556992),(0.431011,0.525928),(0.428411,0.492411)","(0.482542,0.747228),(0.525609,0.711402),(0.545335,0.664418),(0.543747,0.627145),(0.538879,0.609810),(0.532674,0.573333),(0.550190,0.519714),(0.565064,0.497283),(0.577995,0.481663),(0.509022,0.564787),(0.518468,0.494282),(0.530760,0.454395),(0.544966,0.418687),(0.485006,0.574794),(0.482371,0.508898),(0.489788,0.466827),(0.502689,0.429211),(0.461054,0.600676),(0.439873,0.556992),(0.431011,0.525928),(0.428411,0.492411)"
40,dwell,S2H_ABS,3,7,"(1,1)",1447.976157,219.232594,1,0,41.527336,129.808189,"(0.482542,0.747228),(0.525609,0.711402),(0.545335,0.664418),(0.543747,0.627145),(0.538879,0.609810),(0.532674,0.573333),(0.550190,0.519714),(0.565064,0.497283),(0.577995,0.481663),(0.509022,0.564787),(0.518468,0.494282),(0.530760,0.454395),(0.544966,0.418687),(0.485006,0.574794),(0.482371,0.508898),(0.489788,0.466827),(0.502689,0.429211),(0.461054,0.600676),(0.439873,0.556992),(0.431011,0.525928),(0.428411,0.492411)","(0.482542,0.747228),(0.525609,0.711402),(0.545335,0.664418),(0.543747,0.627145),(0.538879,0.609810),(0.532674,0.573333),(0.550190,0.519714),(0.565064,0.497283),(0.577995,0.481663),(0.509022,0.564787),(0.518468,0.494282),(0.530760,0.454395),(0.544966,0.418687),(0.485006,0.574794),(0.482371,0.508898),(0.489788,0.466827),(0.502689,0.429211),(0.461054,0.600676),(0.439873,0.556992),(0.431011,0.525928),(0.428411,0.492411)"
40,dwell,S2H_ABS,3,7,"(1,1)",1496.853268,220.232594,1,0,42.941549,130.808189,"(0.481083,0.748971),(0.523992,0.711623),(0.544206,0.663957),(0.544340,0.627968),(0.541879,0.612573),(0.531195,0.573983),(0.549944,0.522146),(0.566419,0.505052),(0.580322,0.495823),(0.508241,0.565223),(0.517679,0.494285),(0.530583,0.455016),(0.545666,0.419545),(0.484726,0.575688),(0.481997,0.509390),(0.489179,0.467067),(0.501919,0.428728),(0.461196,0.602205),(0.439585,0.559225),(0.430096,0.528096),(0.426947,0.493562)","(0.481083,0.748971),(0.523992,0.711623),(0.544206,0.663957),(0.544340,0.627968),(0.541879,0.612573),(0.531195,0.573983),(0.549944,0.522146),(0.566419,0.505052),(0.580322,0.495823),(0.508241,0.565223),(0.517679,0.494285),(0.530583,0.455016),(0.545666,0.419545),(0.484726,0.575688),(0.481997,0.509390),(0.489179,0.467067),(0.501919,0.428728),(0.461196,0.602205),(0.439585,0.559225),(0.430096,0.528096),(0.426947,0.493562)"
40,dwell,S2H_ABS,3,7,"(1,1)",1496.853268,220.232594,1,0,42.941549,130.808189,"(0.481083,0.748971),(0.523992,0.711623),(0.544206,0.663957),(0.544340,0.627968),(0.541879,0.612573),(0.531195,0.573983),(0.549944,0.522146),(0.566419,0.505052),(0.580322,0.495823),(0.508241,0.565223),(0.517679,0.494285),(0.530583,0.455016),(0.545666,0.419545),(0.484726,0.575688),(0.481997,0.509390),(0.489179,0.467067),(0.501919,0.428728),(0.461196,0.602205),(0.439585,0.559225),(0.430096,0.528096),(0.426947,0.493562)","(0.481083,0.748971),(0.523992,0.711623),(0.544206,0.663957),(0.544340,0.627968),(0.541879,0.612573),(0.531195,0.573983),(0.549944,0.522146),(0.566419,0.505052),(0.580322,0.495823),(0.508241,0.565223),(0.517679,0.494285),(0.530583,0.455016),(0.545666,0.419545),(0.484726,0.575688),(0.481997,0.509390),(0.489179,0.467067),(0.501919,0.428728),(0.461196,0.602205),(0.439585,0.559225),(0.430096,0.528096),(0.426947,0.493562)"
40,dwell,S2H_ABS,3,7,"(1,1)",1548.902629,221.232594,1,0,44.355763,130.808189,"(0.480371,0.750763),(0.524051,0.712026),(0.545434,0.664543),(0.548169,0.630768),(0.549579,0.618164),(0.530948,0.574227),(0.551108,0.524007),(0.568918,0.510424),(0.583819,0.504598),(0.507603,0.565196),(0.516966,0.494090),(0.530066,0.455491),(0.545698,0.421068),(0.483934,0.575875),(0.480675,0.509268),(0.487553,0.466918),(0.500236,0.429118),(0.460646,0.602642),(0.438526,0.559658),(0.428911,0.528564),(0.426161,0.494367)","(0.480371,0.750763),(0.524051,0.712026),(0.545434,0.664543),(0.548169,0.630768),(0.549579,0.618164),(0.530948,0.574227),(0.551108,0.524007),(0.568918,0.510424),(0.583819,0.504598),(0.507603,0.565196),(0.516966,0.494090),(0.530066,0.455491),(0.545698,0.421068),(0.483934,0.575875),(0.480675,0.509268),(0.487553,0.466918),(0.500236,0.429118),(0.460646,0.602642),(0.438526,0.559658),(0.428911,0.528564),(0.426161,0.494367)"
40,dwell,S2H_ABS,3,7,"(1,1)",1548.902629,221.232594,1,0,44.355763,130.808189,"(0.480371,0.750763),(0.524051,0.712026),(0.545434,0.664543),(0.548169,0.630768),(0.549579,0.618164),(0.530948,0.574227),(0.551108,0.524007),(0.568918,0.510424),(0.583819,0.504598),(0.507603,0.565196),(0.516966,0.494090),(0.530066,0.455491),(0.545698,0.421068),(0.483934,0.575875),(0.480675,0.509268),(0.487553,0.466918),(0.500236,0.429118),(0.460646,0.602642),(0.438526,0.559658),(0.428911,0.528564),(0.426161,0.494367)","(0.480371,0.750763),(0.524051,0.712026),(0.545434,0.664543),(0.548169,0.630768),(0.549579,0.618164),(0.530948,0.574227),(0.551108,0.524007),(0.568918,0.510424),(0.583819,0.504598),(0.507603,0.565196),(0.516966,0.494090),(0.530066,0.455491),(0.545698,0.421068),(0.483934,0.575875),(0.480675,0.509268),(0.487553,0.466918),(0.500236,0.429118),(0.460646,0.602642),(0.438526,0.559658),(0.428911,0.528564),(0.426161,0.494367)"
40,dwell,S2H_ABS,3,7,"(1,1)",1600.072058,223.468662,1,0,45.355763,131.808189,"(0.478191,0.751372),(0.522429,0.713093),(0.545184,0.666938),(0.551216,0.635418),(0.556154,0.625605),(0.529259,0.574239),(0.547658,0.520524),(0.564088,0.501260),(0.578233,0.489147),(0.505504,0.566244),(0.513998,0.494250),(0.526583,0.455608),(0.541768,0.421153),(0.482073,0.576792),(0.478131,0.509062),(0.484676,0.466699),(0.497183,0.429025),(0.459129,0.603124),(0.436684,0.559551),(0.426934,0.528795),(0.424047,0.495315)","(0.478191,0.751372),(0.522429,0.713093),(0.545184,0.666938),(0.551216,0.635418),(0.556154,0.625605),(0.529259,0.574239),(0.547658,0.520524),(0.564088,0.501260),(0.578233,0.489147),(0.505504,0.566244),(0.513998,0.494250),(0.526583,0.455608),(0.541768,0.421153),(0.482073,0.576792),(0.478131,0.509062),(0.484676,0.466699),(0.497183,0.429025),(0.459129,0.603124),(0.436684,0.559551),(0.426934,0.528795),(0.424047,0.495315)"
40,dwell,S2H_ABS,3,7,"(1,1)",1600.072058,223.468662,1,0,45.355763,131.808189,"(0.478191,0.751372),(0.522429,0.713093),(0.545184,0.666938),(0.551216,0.635418),(0.556154,0.625605),(0.529259,0.574239),(0.547658,0.520524),(0.564088,0.501260),(0.578233,0.489147),(0.505504,0.566244),(0.513998,0.494250),(0.526583,0.455608),(0.541768,0.421153),(0.482073,0.576792),(0.478131,0.509062),(0.484676,0.466699),(0.497183,0.429025),(0.459129,0.603124),(0.436684,0.559551),(0.426934,0.528795),(0.424047,0.495315)","(0.478191,0.751372),(0.522429,0.713093),(0.545184,0.666938),(0.551216,0.635418),(0.556154,0.625605),(0.529259,0.574239),(0.547658,0.520524),(0.564088,0.501260),(0.578233,0.489147),(0.505504,0.566244),(0.513998,0.494250),(0.526583,0.455608),(0.541768,0.421153),(0.482073,0.576792),(0.478131,0.509062),(0.484676,0.466699),(0.497183,0.429025),(0.459129,0.603124),(0.436684,0.559551),(0.426934,0.528795),(0.424047,0.495315)"
40,dwell,S2H_ABS,3,7,"(1,1)",1647.503017,226.468662,1,0,46.355763,133.222402,"(0.477039,0.751007),(0.522259,0.713612),(0.546936,0.669403),(0.557293,0.639503),(0.565700,0.632067),(0.527708,0.573709),(0.542086,0.515291),(0.555446,0.486571),(0.567791,0.464211),(0.503303,0.567336),(0.509567,0.495290),(0.520522,0.455277),(0.534769,0.421298),(0.479759,0.578148),(0.474406,0.510456),(0.479860,0.468368),(0.491595,0.432639),(0.456846,0.604121),(0.433620,0.559864),(0.423592,0.529163),(0.420413,0.496841)","(0.477039,0.751007),(0.522259,0.713612),(0.546936,0.669403),(0.557293,0.639503),(0.565700,0.632067),(0.527708,0.573709),(0.542086,0.515291),(0.555446,0.486571),(0.567791,0.464211),(0.503303,0.567336),(0.509567,0.495290),(0.520522,0.455277),(0.534769,0.421298),(0.479759,0.578148),(0.474406,0.510456),(0.479860,0.468368),(0.491595,0.432639),(0.456846,0.604121),(0.433620,0.559864),(0.423592,0.529163),(0.420413,0.496841)"
40,dwell,S2H_ABS,3,7,"(1,1)",1647.503017,226.468662,1,0,46.355763,133.222402,"(0.477039,0.751007),(0.522259,0.713612),(0.546936,0.669403),(0.557293,0.639503),(0.565700,0.632067),(0.527708,0.573709),(0.542086,0.515291),(0.555446,0.486571),(0.567791,0.464211),(0.503303,0.567336),(0.509567,0.495290),(0.520522,0.455277),(0.534769,0.421298),(0.479759,0.578148),(0.474406,0.510456),(0.479860,0.468368),(0.491595,0.432639),(0.456846,0.604121),(0.433620,0.559864),(0.423592,0.529163),(0.420413,0.496841)","(0.477039,0.751007),(0.522259,0.713612),(0.546936,0.669403),(0.557293,0.639503),(0.565700,0.632067),(0.527708,0.573709),(0.542086,0.515291),(0.555446,0.486571),(0.567791,0.464211),(0.503303,0.567336),(0.509567,0.495290),(0.520522,0.455277),(0.534769,0.421298),(0.479759,0.578148),(0.474406,0.510456),(0.479860,0.468368),(0.491595,0.432639),(0.456846,0.604121),(0.433620,0.559864),(0.423592,0.529163),(0.420413,0.496841)"
40,dwell,S2H_ABS,3,7,"(1,1)",1697.056754,229.630939,1,0,47.355763,134.222402,"(0.477111,0.748457),(0.523596,0.713025),(0.551017,0.670798),(0.565642,0.643151),(0.576927,0.637800),(0.527130,0.573020),(0.537947,0.511263),(0.548580,0.477318),(0.559047,0.449045),(0.501945,0.567897),(0.505974,0.495558),(0.515267,0.454217),(0.528516,0.420520),(0.478087,0.579682),(0.472478,0.511877),(0.477274,0.470045),(0.488984,0.435909),(0.454832,0.606101),(0.431203,0.562022),(0.420514,0.530819),(0.417075,0.498312)","(0.477111,0.748457),(0.523596,0.713025),(0.551017,0.670798),(0.565642,0.643151),(0.576927,0.637800),(0.527130,0.573020),(0.537947,0.511263),(0.548580,0.477318),(0.559047,0.449045),(0.501945,0.567897),(0.505974,0.495558),(0.515267,0.454217),(0.528516,0.420520),(0.478087,0.579682),(0.472478,0.511877),(0.477274,0.470045),(0.488984,0.435909),(0.454832,0.606101),(0.431203,0.562022),(0.420514,0.530819),(0.417075,0.498312)"
40,dwell,S2H_ABS,3,7,"(1,1)",1697.056754,229.630939,1,0,47.355763,134.222402,"(0.477111,0.748457),(0.523596,0.713025),(0.551017,0.670798),(0.565642,0.643151),(0.576927,0.637800),(0.527130,0.573020),(0.537947,0.511263),(0.548580,0.477318),(0.559047,0.449045),(0.501945,0.567897),(0.505974,0.495558),(0.515267,0.454217),(0.528516,0.420520),(0.478087,0.579682),(0.472478,0.511877),(0.477274,0.470045),(0.488984,0.435909),(0.454832,0.606101),(0.431203,0.562022),(0.420514,0.530819),(0.417075,0.498312)","(0.477111,0.748457),(0.523596,0.713025),(0.551017,0.670798),(0.565642,0.643151),(0.576927,0.637800),(0.527130,0.573020),(0.537947,0.511263),(0.548580,0.477318),(0.559047,0.449045),(0.501945,0.567897),(0.505974,0.495558),(0.515267,0.454217),(0.528516,0.420520),(0.478087,0.579682),(0.472478,0.511877),(0.477274,0.470045),(0.488984,0.435909),(0.454832,0.606101),(0.431203,0.562022),(0.420514,0.530819),(0.417075,0.498312)"
40,dwell,S2H_ABS,3,7,"(1,1)",1748.537567,233.236490,1,0,48.769977,134.222402,"(0.478568,0.745030),(0.524463,0.708527),(0.550680,0.664993),(0.564486,0.634534),(0.574467,0.627277),(0.525600,0.572204),(0.534391,0.508106),(0.543453,0.471353),(0.552557,0.439218),(0.500516,0.568232),(0.503276,0.495596),(0.511985,0.453298),(0.524785,0.419365),(0.476983,0.580477),(0.470746,0.512240),(0.475404,0.470344),(0.486816,0.436375),(0.454023,0.607100),(0.430017,0.563290),(0.419043,0.532061),(0.415197,0.499787)","(0.478568,0.745030),(0.524463,0.708527),(0.550680,0.664993),(0.564486,0.634534),(0.574467,0.627277),(0.525600,0.572204),(0.534391,0.508106),(0.543453,0.471353),(0.552557,0.439218),(0.500516,0.568232),(0.503276,0.495596),(0.511985,0.453298),(0.524785,0.419365),(0.476983,0.580477),(0.470746,0.512240),(0.475404,0.470344),(0.486816,0.436375),(0.454023,0.607100),(0.430017,0.563290),(0.419043,0.532061),(0.415197,0.499787)"
